Shell,Count,Average Roll,Absolute Magnitude,Rolls
8-12 Mpc,1,5.888888888888889,-16.151111111111113,"[6, 5, 7, 1, 9, 8, 6, 9, 2]"
16-20 Mpc,9,5.633333333333334,-16.038666666666668,"[9, 10, 9, 10, 4, 4, 2, 9, 10, 7, 1, 10, 8, 8, 8, 5, 4, 2, 4, 4, 2, 9, 2, 7, 9, 6, 2, 2, 1, 1]"
24-28 Mpc,31,5.483870967741935,-15.972903225806451,"[6, 7, 5, 2, 2, 3, 3, 4, 2, 10, 8, 8, 5, 5, 6, 7, 5, 10, 9, 10, 10, 1, 9, 2, 9, 4, 1, 8, 5, 1, 8, 8, 1, 10, 1, 7, 6, 2, 10, 9, 4, 9, 3, 4, 4, 4, 1, 1, 1, 8, 8, 7, 9, 9, 4, 2, 3, 7, 6, 7, 6, 4]"
